<?xml version="1.0" encoding="UTF-8"?>
<export version="D">
  <design>
    <source>C:/Users/Alex/Desktop/tracker/scoala/Modul10DOF_CardReader_ProMini/Modul10DOF_CardReader_ProMini.sch</source>
    <date>5/28/2018 2:19:57 PM</date>
    <tool>Eeschema 4.0.7</tool>
    <sheet number="1" name="/" tstamps="/">
      <title_block>
        <title/>
        <company/>
        <rev/>
        <date/>
        <source>Modul10DOF_CardReader_ProMini.sch</source>
        <comment number="1" value=""/>
        <comment number="2" value=""/>
        <comment number="3" value=""/>
        <comment number="4" value=""/>
      </title_block>
    </sheet>
  </design>
  <components>
    <comp ref="J1">
      <value>CardReader</value>
      <libsource lib="conn" part="Conn_01x06"/>
      <sheetpath names="/" tstamps="/"/>
      <tstamp>5B0BE964</tstamp>
    </comp>
    <comp ref="J2">
      <value>Modul10DOF</value>
      <libsource lib="conn" part="Conn_01x06"/>
      <sheetpath names="/" tstamps="/"/>
      <tstamp>5B0BEA15</tstamp>
    </comp>
    <comp ref="J4">
      <value>CM</value>
      <libsource lib="conn" part="Conn_01x06"/>
      <sheetpath names="/" tstamps="/"/>
      <tstamp>5B0BEA7F</tstamp>
    </comp>
    <comp ref="J3">
      <value>ADM</value>
      <libsource lib="conn" part="Conn_01x12"/>
      <sheetpath names="/" tstamps="/"/>
      <tstamp>5B0BEB15</tstamp>
    </comp>
    <comp ref="J6">
      <value>DM</value>
      <libsource lib="conn" part="Conn_01x12"/>
      <sheetpath names="/" tstamps="/"/>
      <tstamp>5B0BEC70</tstamp>
    </comp>
    <comp ref="J5">
      <value>AM</value>
      <libsource lib="conn" part="Conn_01x04"/>
      <sheetpath names="/" tstamps="/"/>
      <tstamp>5B0BECE6</tstamp>
    </comp>
  </components>
  <libparts>
    <libpart lib="conn" part="Conn_01x04">
      <description>Generic connector, single row, 01x04</description>
      <docs>~</docs>
      <footprints>
        <fp>Connector*:*_??x*mm*</fp>
        <fp>Connector*:*1x??x*mm*</fp>
        <fp>Pin?Header?Straight?1X*</fp>
        <fp>Pin?Header?Angled?1X*</fp>
        <fp>Socket?Strip?Straight?1X*</fp>
        <fp>Socket?Strip?Angled?1X*</fp>
      </footprints>
      <fields>
        <field name="Reference">J</field>
        <field name="Value">Conn_01x04</field>
      </fields>
      <pins>
        <pin num="1" name="Pin_1" type="passive"/>
        <pin num="2" name="Pin_2" type="passive"/>
        <pin num="3" name="Pin_3" type="passive"/>
        <pin num="4" name="Pin_4" type="passive"/>
      </pins>
    </libpart>
    <libpart lib="conn" part="Conn_01x06">
      <description>Generic connector, single row, 01x06</description>
      <docs>~</docs>
      <footprints>
        <fp>Connector*:*_??x*mm*</fp>
        <fp>Connector*:*1x??x*mm*</fp>
        <fp>Pin?Header?Straight?1X*</fp>
        <fp>Pin?Header?Angled?1X*</fp>
        <fp>Socket?Strip?Straight?1X*</fp>
        <fp>Socket?Strip?Angled?1X*</fp>
      </footprints>
      <fields>
        <field name="Reference">J</field>
        <field name="Value">Conn_01x06</field>
      </fields>
      <pins>
        <pin num="1" name="Pin_1" type="passive"/>
        <pin num="2" name="Pin_2" type="passive"/>
        <pin num="3" name="Pin_3" type="passive"/>
        <pin num="4" name="Pin_4" type="passive"/>
        <pin num="5" name="Pin_5" type="passive"/>
        <pin num="6" name="Pin_6" type="passive"/>
      </pins>
    </libpart>
    <libpart lib="conn" part="Conn_01x12">
      <description>Generic connector, single row, 01x12</description>
      <docs>~</docs>
      <footprints>
        <fp>Connector*:*_??x*mm*</fp>
        <fp>Connector*:*1x??x*mm*</fp>
        <fp>Pin?Header?Straight?1X*</fp>
        <fp>Pin?Header?Angled?1X*</fp>
        <fp>Socket?Strip?Straight?1X*</fp>
        <fp>Socket?Strip?Angled?1X*</fp>
      </footprints>
      <fields>
        <field name="Reference">J</field>
        <field name="Value">Conn_01x12</field>
      </fields>
      <pins>
        <pin num="1" name="Pin_1" type="passive"/>
        <pin num="2" name="Pin_2" type="passive"/>
        <pin num="3" name="Pin_3" type="passive"/>
        <pin num="4" name="Pin_4" type="passive"/>
        <pin num="5" name="Pin_5" type="passive"/>
        <pin num="6" name="Pin_6" type="passive"/>
        <pin num="7" name="Pin_7" type="passive"/>
        <pin num="8" name="Pin_8" type="passive"/>
        <pin num="9" name="Pin_9" type="passive"/>
        <pin num="10" name="Pin_10" type="passive"/>
        <pin num="11" name="Pin_11" type="passive"/>
        <pin num="12" name="Pin_12" type="passive"/>
      </pins>
    </libpart>
  </libparts>
  <libraries>
    <library logical="conn">
      <uri>D:\Programs\KiCad\share\kicad\library\conn.lib</uri>
    </library>
  </libraries>
  <nets>
    <net code="1" name="Net-(J4-Pad3)">
      <node ref="J4" pin="3"/>
    </net>
    <net code="2" name="Net-(J4-Pad2)">
      <node ref="J4" pin="2"/>
    </net>
    <net code="3" name="Net-(J4-Pad1)">
      <node ref="J4" pin="1"/>
    </net>
    <net code="4" name="Net-(J2-Pad6)">
      <node ref="J2" pin="6"/>
    </net>
    <net code="5" name="Net-(J2-Pad5)">
      <node ref="J2" pin="5"/>
    </net>
    <net code="6" name="Net-(J2-Pad3)">
      <node ref="J2" pin="3"/>
      <node ref="J5" pin="2"/>
    </net>
    <net code="7" name="Net-(J2-Pad4)">
      <node ref="J5" pin="1"/>
      <node ref="J2" pin="4"/>
    </net>
    <net code="8" name="Net-(J4-Pad4)">
      <node ref="J4" pin="4"/>
    </net>
    <net code="9" name="Net-(J2-Pad1)">
      <node ref="J3" pin="9"/>
      <node ref="J2" pin="1"/>
    </net>
    <net code="10" name="Net-(J1-Pad6)">
      <node ref="J3" pin="1"/>
      <node ref="J1" pin="6"/>
    </net>
    <net code="11" name="Net-(J1-Pad4)">
      <node ref="J3" pin="2"/>
      <node ref="J1" pin="4"/>
    </net>
    <net code="12" name="Net-(J1-Pad3)">
      <node ref="J3" pin="3"/>
      <node ref="J1" pin="3"/>
    </net>
    <net code="13" name="Net-(J1-Pad5)">
      <node ref="J1" pin="5"/>
      <node ref="J3" pin="4"/>
    </net>
    <net code="14" name="Net-(J6-Pad2)">
      <node ref="J6" pin="2"/>
    </net>
    <net code="15" name="+5V">
      <node ref="J1" pin="2"/>
      <node ref="J3" pin="12"/>
    </net>
    <net code="16" name="Net-(J3-Pad8)">
      <node ref="J3" pin="8"/>
    </net>
    <net code="17" name="Net-(J6-Pad12)">
      <node ref="J6" pin="12"/>
    </net>
    <net code="18" name="Net-(J6-Pad11)">
      <node ref="J6" pin="11"/>
    </net>
    <net code="19" name="Net-(J6-Pad10)">
      <node ref="J6" pin="10"/>
    </net>
    <net code="20" name="Net-(J6-Pad9)">
      <node ref="J6" pin="9"/>
    </net>
    <net code="21" name="Net-(J6-Pad8)">
      <node ref="J6" pin="8"/>
    </net>
    <net code="22" name="Net-(J6-Pad7)">
      <node ref="J6" pin="7"/>
    </net>
    <net code="23" name="Net-(J6-Pad6)">
      <node ref="J6" pin="6"/>
    </net>
    <net code="24" name="Net-(J6-Pad5)">
      <node ref="J6" pin="5"/>
    </net>
    <net code="25" name="Net-(J6-Pad3)">
      <node ref="J6" pin="3"/>
    </net>
    <net code="26" name="Net-(J6-Pad1)">
      <node ref="J6" pin="1"/>
    </net>
    <net code="27" name="Net-(J3-Pad11)">
      <node ref="J3" pin="11"/>
    </net>
    <net code="28" name="Net-(J3-Pad10)">
      <node ref="J3" pin="10"/>
    </net>
    <net code="29" name="Net-(J3-Pad6)">
      <node ref="J3" pin="6"/>
    </net>
    <net code="30" name="Net-(J3-Pad7)">
      <node ref="J3" pin="7"/>
    </net>
    <net code="31" name="Net-(J3-Pad5)">
      <node ref="J3" pin="5"/>
    </net>
    <net code="32" name="Net-(J5-Pad4)">
      <node ref="J5" pin="4"/>
    </net>
    <net code="33" name="Net-(J5-Pad3)">
      <node ref="J5" pin="3"/>
    </net>
    <net code="34" name="Net-(J4-Pad6)">
      <node ref="J4" pin="6"/>
    </net>
    <net code="35" name="Net-(J4-Pad5)">
      <node ref="J4" pin="5"/>
    </net>
    <net code="36" name="Net-(J1-Pad1)">
      <node ref="J1" pin="1"/>
      <node ref="J6" pin="4"/>
      <node ref="J2" pin="2"/>
    </net>
  </nets>
</export>
